f-no.,province,country,ancient findspot,modern findspot,present location,date of photograph,cil,ae,other literature,Latitude,Longitude
F002319,Arabia,Syrian Arab Republic,Bostra,Buṣrā,Buṣrā,1989,,"1973, 0549.","IGLS 13, 1, 9062.",32.52045134,36.48130075
F002322,Arabia,Syrian Arab Republic,Bostra,Buṣrā,Buṣrā,1989,,"1973, 0555.","IGLS 13, 1, 9100.",32.52045134,36.48130075
F002323,Arabia,Syrian Arab Republic,Bostra,Buṣrā,Buṣrā,1989,,"1965, 0026.","IGLS 13, 1, 9170.",32.52045134,36.48130075
F002330,Arabia,Syrian Arab Republic,Bostra,Buṣrā,Buṣrā,1989,,"1957, 0271.","IGLS 13, 1, 9070.",32.52045134,36.48130075
F002329,Arabia,Syrian Arab Republic,Bostra,Buṣrā,Buṣrā,1989,,"1952, 0248.","IGLS 13, 1, 9010.",32.52045134,36.48130075
F002318,Arabia,Syrian Arab Republic,Bostra,Buṣrā,Buṣrā,1989,,,"IGLS 13, 1, 9184.",32.52045134,36.48130075
F002320,Arabia,Syrian Arab Republic,Bostra,Buṣrā,Buṣrā,1989,,,"IGLS 13, 1, 9078.",32.52045134,36.48130075
F002321,Arabia,Syrian Arab Republic,Bostra,Buṣrā,Buṣrā,1989,,,"IGLS 13, 1, 9092.",32.52045134,36.48130075
F002324,Arabia,Syrian Arab Republic,Bostra,Buṣrā,Buṣrā,1989,,,"IGLS 13, 1, 9172.",32.52045134,36.48130075
F002325,Arabia,Syrian Arab Republic,Bostra,Buṣrā,Buṣrā,1989,,,"IGLS 13, 1, 9199.",32.52045134,36.48130075
F002326,Arabia,Syrian Arab Republic,Bostra,Buṣrā,Buṣrā,1989,,,"IGLS 13, 1, 9392.",32.52045134,36.48130075
F002327,Arabia,Syrian Arab Republic,Bostra,Buṣrā,Buṣrā,1989,,,"IGLS 13, 1, 9400.",32.52045134,36.48130075
F002328,Arabia,Syrian Arab Republic,Bostra,Buṣrā,Buṣrā,1989,,,"IGLS 13, 1, 9004.",32.52045134,36.48130075
F002331,Arabia,Syrian Arab Republic,Bostra,Buṣrā,Buṣrā,1989,,,"IGLS 13, 1, 9139.",32.52045134,36.48130075
F002332,Arabia,Syrian Arab Republic,Bostra,Buṣrā,Buṣrā,1989,,,"IGLS 13, 1, 9124.",32.52045134,36.48130075
F002333,Arabia,Syrian Arab Republic,Bostra,Buṣrā,Buṣrā,1989,,,"IGLS 13, 1, 9190.",32.52045134,36.48130075
F002334,Arabia,Syrian Arab Republic,Bostra,Buṣrā,Buṣrā,1989,,,"IGLS 13, 1, 9246.",32.52045134,36.48130075
F002335,Arabia,Syrian Arab Republic,Bostra,Buṣrā,Buṣrā,1989,,,"IGLS 13, 1, 9393.",32.52045134,36.48130075
F002336,Arabia,Syrian Arab Republic,Bostra,Buṣrā,Buṣrā,1989,,,"IGLS 13, 1, 9407.",32.52045134,36.48130075
F002545,Arabia,Syrian Arab Republic,Bostra,Buṣrā,"Damaskus, Nat. Mus.",1989,,,"S. Abdul-Hak, - A. Abdul-Hak, Catalogue illustré (Damaskus 1951) 61-62, Nr. 14.",32.52045134,36.48130075
F007316,Arabia,Syrian Arab Republic,Bostra,Buṣrā,"Damaskus, Nat. Mus.",1989,,,"S. Abdul-Hak, - A. Abdul-Hak, Catalogue illustré (Damaskus 1951) 61-62, Nr. 14.",32.52045134,36.48130075
F009840,Arabia,Syrian Arab Republic,Bostra,Buṣrā,Buṣrā,1989,,,,32.52045134,36.48130075
F009841,Arabia,Syrian Arab Republic,Bostra,Buṣrā,Buṣrā,1989,,,,32.52045134,36.48130075
F010159,Arabia,Syrian Arab Republic,Bostra,Buṣrā,Buṣrā,1989,,,"IGLS 13, 1, 9391.",32.52045134,36.48130075
F010160,Arabia,Syrian Arab Republic,Bostra,Buṣrā,Buṣrā,1989,,,,32.52045134,36.48130075
F010161,Arabia,Syrian Arab Republic,Bostra,Buṣrā,Buṣrā,1989,,,"IGLS 13, 1, 9068.",32.52045134,36.48130075
F020595,Arabia,Syrian Arab Republic,Bostra,Buṣrā,,2007,"03, 00089.",,"IGLS 13, 1, 9079.",32.52045134,36.48130075
F020596,Arabia,Syrian Arab Republic,Bostra,Buṣrā,,2007,"03, 00089.",,"IGLS 13, 1, 9079.",32.52045134,36.48130075
F020597,Arabia,Syrian Arab Republic,Bostra,Buṣrā,,2007,"03, 00090.",,"IGLS 13, 1, 9078.",32.52045134,36.48130075
F020598,Arabia,Syrian Arab Republic,Bostra,Buṣrā,,2007,,,"IGLS 13, 1, 9029.",32.52045134,36.48130075
F020599,Arabia,Syrian Arab Republic,Bostra,Buṣrā,,2007,,,"IGLS 13, 1, 9170.",32.52045134,36.48130075
F020600,Arabia,Syrian Arab Republic,Bostra,Buṣrā,,2007,,,"IGLS 13, 1, 9175.",32.52045134,36.48130075
F020601,Arabia,Syrian Arab Republic,Bostra,Buṣrā,,2007,,,"IGLS 13, 1, 9184.",32.52045134,36.48130075
F020602,Arabia,Syrian Arab Republic,Bostra,Buṣrā,,2007,,,"IGLS 13, 1, 9195.",32.52045134,36.48130075
F020603,Arabia,Syrian Arab Republic,Bostra,Buṣrā,,2007,,,"IGLS 13, 1, 9195.",32.52045134,36.48130075
F020604,Arabia,Syrian Arab Republic,Bostra,Buṣrā,,2007,,,"IGLS 13, 1, 9199.",32.52045134,36.48130075
F020605,Arabia,Syrian Arab Republic,Bostra,Buṣrā,,2007,,,"IGLS 13, 1, 9199.",32.52045134,36.48130075
F020608,Arabia,Syrian Arab Republic,Bostra,Buṣrā,"Damaskus, Nat. Mus.",2007,,,"IGLS 13, 1, 9187.",32.52045134,36.48130075
F023718,Arabia,Syrian Arab Republic,Bostra,Buṣrā,"Damaskus, Nat. Mus.",1989,,,"S. Abdul-Hak, - A. Abdul-Hak, Catalogue illustré (Damaskus 1951) 61-62, Nr. 14.",32.52045134,36.48130075
F005862,Arabia,Syrian Arab Republic,Canatha,Kanawât,Kanawât,1989,,,"W.K. Prentice, Publications of an American archaeological expedition to Syria in 1899-1900, 3 (New York 1908) 324, Nr. 423.",32.754205,36.6183555
F008237,Arabia,Syrian Arab Republic,Damascus,Dimaschq,"Damaskus, Nat. Mus.",1989,,,"K. Parlasca, Syrische Grabreliefs hellenistischer und syrischer Zeit, Mainz 1982, Taf. 7,3.",33.511612,36.309102
F008031,Arabia,Jordan,Gerasa,Jerash,"Jerash, Theater, bei",1989,,"1930, 0093.",,32.28008717,35.89109061
F007982,Arabia,Jordan,Gerasa,Jerash,Jerash,1989,,"1930, 0097.",,32.28008717,35.89109061
F031619,Arabia,Jordan,Gerasa,Jerash,Jerash,1989,,"1930, 0097.",,32.28008717,35.89109061
F002558,Arabia,Jordan,Gerasa,Jerash,"Jerash, Theater, bei",1989,,"1976, 0691.",,32.28008717,35.89109061
F002559,Arabia,Jordan,Gerasa,Jerash,"Jerash, Theater",1989,,"1973, 0558; 1977, 0827; 1989, 0747.",,32.28008717,35.89109061
F007979,Arabia,Jordan,Gerasa,Jerash,Jerash,1989,,"1988, 1055.","SEG 38, 1652.",32.28008717,35.89109061
F007980,Arabia,Jordan,Gerasa,Jerash,Jerash,1989,,,"IGR 3, 1358.",32.28008717,35.89109061
F007981,Arabia,Jordan,Gerasa,Jerash,Jerash,1989,,,"SEG 07, 0825.",32.28008717,35.89109061
F007983,Arabia,Jordan,Gerasa,Jerash,Jerash,1989,,,"SEG 32, 1537.",32.28008717,35.89109061
F007984,Arabia,Jordan,Gerasa,Jerash,Jerash,1989,,,"SEG 37, 1539.",32.28008717,35.89109061
F007985,Arabia,Jordan,Gerasa,Jerash,Jerash,1989,,,"SEG 39, 1650.",32.28008717,35.89109061
F007986,Arabia,Jordan,Gerasa,Jerash,Jerash,1989,,,"C.B. Welles, in: C.H. Kraeling (Hrsg.), Gerasa. City of the Decapolis (New Haven 1938) 380-381, Nr. 12; pl. 104a.",32.28008717,35.89109061
F007987,Arabia,Jordan,Gerasa,Jerash,Jerash,1989,,"1899, 0022.","C.B. Welles, in: C.H. Kraeling (Hrsg.), Gerasa. City of the Decapolis (New Haven 1938) 406, Nr. 68; pl. 105a.",32.28008717,35.89109061
F007988,Arabia,Jordan,Gerasa,Jerash,Jerash,1989,,,"C.B. Welles, in: C.H. Kraeling (Hrsg.), Gerasa. City of the Decapolis (New Haven 1938) 474, Nr. 289; pl. 131c.",32.28008717,35.89109061
F007989,Arabia,Jordan,Gerasa,Jerash,Jerash,1989,,,"C.B. Welles, in: C.H. Kraeling (Hrsg.), Gerasa. City of the Decapolis (New Haven 1938) 476-477, Nr. 299; pl. 129b.",32.28008717,35.89109061
F007990,Arabia,Jordan,Gerasa,Jerash,Jerash,1989,,,"C.B. Welles, in: C.H. Kraeling (Hrsg.), Gerasa. City of the Decapolis (New Haven 1938) 477-478, Nr. 300; pl. 129a.",32.28008717,35.89109061
F008032,Arabia,Jordan,Gerasa,Jerash,Jerash,1989,,,"SEG 07, 0845.",32.28008717,35.89109061
F008033,Arabia,Jordan,Gerasa,Jerash,Jerash,1989,"03, 06034; 03, 14157, 1.",,,32.28008717,35.89109061
F009523,Arabia,Jordan,Gerasa,Jerash,Gerasa,1989,,,,32.28008717,35.89109061
F009524,Arabia,Jordan,Gerasa,Jerash,Gerasa,1989,,,,32.28008717,35.89109061
F009525,Arabia,Jordan,Gerasa,Jerash,Gerasa,1989,,,,32.28008717,35.89109061
F009526,Arabia,Jordan,Gerasa,Jerash,Gerasa,1989,,,,32.28008717,35.89109061
F009527,Arabia,Jordan,Gerasa,Jerash,Gerasa,1989,,"1977, 0828.","SEG 27, 1010.",32.28008717,35.89109061
F009528,Arabia,Jordan,Gerasa,Jerash,Gerasa,1989,,,,32.28008717,35.89109061
F009529,Arabia,Jordan,Gerasa,Jerash,Gerasa,1989,,,,32.28008717,35.89109061
F009530,Arabia,Jordan,Gerasa,Jerash,Gerasa,1989,,,,32.28008717,35.89109061
F009531,Arabia,Jordan,Gerasa,Jerash,Gerasa,1989,,,,32.28008717,35.89109061
F009532,Arabia,Jordan,Gerasa,Jerash,Gerasa,1989,,,"Syria-Princeton III A 0011, Fragment 9 u. 10.",32.28008717,35.89109061
F009533,Arabia,Jordan,Gerasa,Jerash,Gerasa,1989,,,,32.28008717,35.89109061
F009534,Arabia,Jordan,Gerasa,Jerash,Gerasa,1989,,,,32.28008717,35.89109061
F009535,Arabia,Jordan,Gerasa,Jerash,Gerasa,1989,,,,32.28008717,35.89109061
F009536,Arabia,Jordan,Gerasa,Jerash,Gerasa,1989,,,,32.28008717,35.89109061
F009537,Arabia,Jordan,Gerasa,Jerash,Gerasa,1989,,,,32.28008717,35.89109061
F014774,Arabia,Jordan,Gerasa,Jerash,Jerash,1989,,"1988, 1055.","SEG 38, 1652.",32.28008717,35.89109061
F014775,Arabia,Jordan,Gerasa,Jerash,Jerash,1989,,,"SEG 07, 0825.",32.28008717,35.89109061
F026919,Arabia,Jordan,Gerasa,Jerash,Gerasa,1989,,,,32.28008717,35.89109061
F026920,Arabia,Jordan,Gerasa,Jerash,Gerasa,1989,,,,32.28008717,35.89109061
F026928,Arabia,Jordan,Gerasa,Jerash,Gerasa,1989,,,,32.28008717,35.89109061
F031618,Arabia,Jordan,Gerasa,Jerash,Jerash,,,"1899, 0022.","C.B. Welles, in: C.H. Kraeling (Hrsg.), Gerasa. City of the Decapolis (New Haven 1938) 406, Nr. 68; pl. 105a.",32.28008717,35.89109061
F031620,Arabia,Jordan,Gerasa,Jerash,"Jerash, Theater",1989,,"1973, 0558; 1977, 0827; 1989, 0747.",,32.28008717,35.89109061
F031621,Arabia,Jordan,Gerasa,Jerash,"Jerash, Theater",,,"1973, 0558; 1977, 0827; 1989, 0747.",,32.28008717,35.89109061
F031622,Arabia,Jordan,Gerasa,Jerash,"Jerash, Theater",,,"1973, 0558; 1977, 0827; 1989, 0747.",,32.28008717,35.89109061
F031623,Arabia,Jordan,Gerasa,Jerash,"Jerash, Theater",,,"1976, 0691.",,32.28008717,35.89109061
F031954,Arabia,Jordan,Gerasa,Jerash,Jerash,,,"1988, 1055.","SEG 38, 1652.",32.28008717,35.89109061
F031955,Arabia,Jordan,Gerasa,Jerash,Jerash,1989,,"1988, 1055.","SEG 38, 1652.",32.28008717,35.89109061
F031956,Arabia,Jordan,Gerasa,Jerash,Jerash,1989,,"1988, 1055.","SEG 38, 1652.",32.28008717,35.89109061
F031957,Arabia,Jordan,Gerasa,Jerash,Jerash,,,,"SEG 07, 0825.",32.28008717,35.89109061
F031958,Arabia,Jordan,Gerasa,Jerash,Jerash,,,,"SEG 07, 0825.",32.28008717,35.89109061
F031959,Arabia,Jordan,Gerasa,Jerash,Jerash,1989,,,"SEG 07, 0845.",32.28008717,35.89109061
F031960,Arabia,Jordan,Gerasa,Jerash,Jerash,1989,,,"SEG 32, 1537.",32.28008717,35.89109061
F031961,Arabia,Jordan,Gerasa,Jerash,Jerash,1989,,,"SEG 37, 1539.",32.28008717,35.89109061
F031962,Arabia,Jordan,Gerasa,Jerash,Jerash,,,,"SEG 37, 1539.",32.28008717,35.89109061
F032116,Arabia,Jordan,Gerasa,Jerash,Jerash,,,,"C.B. Welles, in: C.H. Kraeling (Hrsg.), Gerasa. City of the Decapolis (New Haven 1938) 476-477, Nr. 299; pl. 129b.",32.28008717,35.89109061
F032117,Arabia,Jordan,Gerasa,Jerash,Jerash,,,,"C.B. Welles, in: C.H. Kraeling (Hrsg.), Gerasa. City of the Decapolis (New Haven 1938) 476-477, Nr. 299; pl. 129b.",32.28008717,35.89109061
F032118,Arabia,Jordan,Gerasa,Jerash,Jerash,,,,,32.28008717,35.89109061
F032119,Arabia,Jordan,Gerasa,Jerash,Jerash,1989,,,,32.28008717,35.89109061
F032120,Arabia,Jordan,Gerasa,Jerash,Jerash,1989,,,,32.28008717,35.89109061
F032121,Arabia,Jordan,Gerasa,Jerash,Jerash,,,,,32.28008717,35.89109061
F032122,Arabia,Jordan,Gerasa,Jerash,Jerash,,,,,32.28008717,35.89109061
F032123,Arabia,Jordan,Gerasa,Jerash,Jerash,,,,,32.28008717,35.89109061
F032124,Arabia,Jordan,Gerasa,Jerash,Jerash,,,,,32.28008717,35.89109061
F032125,Arabia,Jordan,Gerasa,Jerash,Jerash,1989,,,,32.28008717,35.89109061
F032126,Arabia,Jordan,Gerasa,Jerash,Jerash,,,,,32.28008717,35.89109061
F032127,Arabia,Jordan,Gerasa,Jerash,Jerash,1989,,,,32.28008717,35.89109061
F032128,Arabia,Jordan,Gerasa,Jerash,Jerash,,,,,32.28008717,35.89109061
F032129,Arabia,Jordan,Gerasa,Jerash,Jerash,,,,,32.28008717,35.89109061
F032130,Arabia,Jordan,Gerasa,Jerash,Jerash,,,,,32.28008717,35.89109061
F032131,Arabia,Jordan,Gerasa,Jerash,Jerash,1989,,,,32.28008717,35.89109061
F032132,Arabia,Jordan,Gerasa,Jerash,Jerash,1989,,,,32.28008717,35.89109061
F032133,Arabia,Jordan,Gerasa,Jerash,Jerash,,,,,32.28008717,35.89109061
F032134,Arabia,Jordan,Gerasa,Jerash,Jerash,,,,,32.28008717,35.89109061
F032135,Arabia,Jordan,Gerasa,Jerash,Jerash,,,,,32.28008717,35.89109061
F032136,Arabia,Jordan,Gerasa,Jerash,Jerash,,,,"Syria-Princeton III A 0011, Fragment 9 u. 10.",32.28008717,35.89109061
F032173,Arabia,Jordan,Gerasa,Jerash,Jerash,1989,,,,32.28008717,35.89109061
F032174,Arabia,Jordan,Gerasa,Jerash,Jerash,,,,,32.28008717,35.89109061
F032175,Arabia,Jordan,Gerasa,Jerash,Jerash,1989,,"1996, 1601.","P.L. Gatier, Syria 73, 1996, 51-52, Nr. 4; fig. 5.",32.28008717,35.89109061
F032176,Arabia,Jordan,Gerasa,Jerash,Jerash,1989,,,,32.28008717,35.89109061
F032177,Arabia,Jordan,Gerasa,Jerash,Jerash,1989,,,,32.28008717,35.89109061
F032178,Arabia,Jordan,Gerasa,Jerash,Jerash,1989,,,,32.28008717,35.89109061
F032179,Arabia,Jordan,Gerasa,Jerash,Jerash,,,,,32.28008717,35.89109061
F032180,Arabia,Jordan,Gerasa,Jerash,Jerash,,,,,32.28008717,35.89109061
F032181,Arabia,Jordan,Gerasa,Jerash,Jerash,1989,,,,32.28008717,35.89109061
F032182,Arabia,Jordan,Gerasa,Jerash,Jerash,1989,,"1977, 0828.","SEG 27, 1010.",32.28008717,35.89109061
F032183,Arabia,Jordan,Gerasa,Jerash,Jerash,1989,,,,32.28008717,35.89109061
F040659,Arabia,Jordan,Gerasa,Jerash,Gerasa,1989,,,,32.28008717,35.89109061
F008951,Arabia,Jordan,Gerasa?,Jerash,Gerasa,1989,,,,32.28008717,35.89109061
F009506,Arabia,Jordan,Gerasa?,Jerash,Gerasa,1989,,,,32.28008717,35.89109061
F009507,Arabia,Jordan,Gerasa?,Jerash,Gerasa,1989,,,,32.28008717,35.89109061
F009508,Arabia,Jordan,Gerasa?,Jerash,Gerasa,1989,,,,32.28008717,35.89109061
F009509,Arabia,Jordan,Gerasa?,Jerash,Gerasa,1989,,"1996, 1601.","P.L. Gatier, Syria 73, 1996, 51-52, Nr. 4; fig. 5.",32.28008717,35.89109061
F009510,Arabia,Jordan,Gerasa?,Jerash,Gerasa,1989,,,,32.28008717,35.89109061
F009511,Arabia,Jordan,Gerasa?,Jerash,Gerasa,1989,,,,32.28008717,35.89109061
F009512,Arabia,Jordan,Gerasa?,Jerash,Gerasa,1989,,,,32.28008717,35.89109061
F009513,Arabia,Jordan,Gerasa?,Jerash,Gerasa,1989,,,,32.28008717,35.89109061
F009514,Arabia,Jordan,Gerasa?,Jerash,Gerasa,1989,,,,32.28008717,35.89109061
F009515,Arabia,Jordan,Gerasa?,Jerash,Gerasa,1989,,,,32.28008717,35.89109061
F009516,Arabia,Jordan,Gerasa?,Jerash,Gerasa,1989,,,,32.28008717,35.89109061
F009517,Arabia,Jordan,Gerasa?,Jerash,Gerasa,1989,,,"SEG 36, 1364.",32.28008717,35.89109061
F009518,Arabia,Jordan,Gerasa?,Jerash,Gerasa,1989,,,,32.28008717,35.89109061
F009519,Arabia,Jordan,Gerasa?,Jerash,Gerasa,1989,,,,32.28008717,35.89109061
F009520,Arabia,Jordan,Gerasa?,Jerash,Gerasa,1989,,,,32.28008717,35.89109061
F009521,Arabia,Jordan,Gerasa?,Jerash,Gerasa,1989,,,,32.28008717,35.89109061
F009522,Arabia,Jordan,Gerasa?,Jerash,Gerasa,1989,,,,32.28008717,35.89109061
F026929,Arabia,Jordan,Gerasa?,Jerash,Gerasa,1989,,,,32.28008717,35.89109061
F008961,Arabia,Jordan,Medaba,Madaba,"Madaba, Madaba Arch. Mus.",1989,,"1987, 0969.",,31.7173385,35.7945195
F002343,Arabia,Jordan,Medaba,Madaba,Madaba,1989,,,"IGLS 21, 2, 0127; pl. 25, 92.",31.7173385,35.7945195
F002344,Arabia,Jordan,Medaba,Madaba,Madaba,1989,,,"IGLS 21, 2, 0148; pl. 29, 103.",31.7173385,35.7945195
F002345,Arabia,Jordan,Medaba,Madaba,"Madaba, Madaba Arch. Mus.",1989,,,"IGLS 21, 2, 0140; pl. 27, 99.",31.7173385,35.7945195
F002354,Arabia,Jordan,Medaba,Madaba,Madaba,1989,,,"IGLS 21, 2, 0153; pl. 29, 104 - pl. 31, 110.",31.7173385,35.7945195
F002355,Arabia,Jordan,Medaba,Madaba,"Madaba, Apostelkirche",1989,,,"IGLS 21, 2, 0142; pl. 28, 100.",31.7173385,35.7945195
F009933,Arabia,Jordan,Medaba,Madaba,"Madaba, Madaba Arch. Mus.",1989,,,"IGLS 21, 2, 0174.",31.7173385,35.7945195
F014776,Arabia,Jordan,Medaba,Madaba,Madaba,1989,,,"IGLS 21, 2, 0153; pl. 29, 104 - pl. 31, 110.",31.7173385,35.7945195
F014777,Arabia,Jordan,Medaba,Madaba,Madaba,1989,,,"IGLS 21, 2, 0153; pl. 29, 104 - pl. 31, 110.",31.7173385,35.7945195
F014778,Arabia,Jordan,Medaba,Madaba,Madaba,1989,,,"IGLS 21, 2, 0153; pl. 29, 104 - pl. 31, 110.",31.7173385,35.7945195
F014779,Arabia,Jordan,Medaba,Madaba,Madaba,1989,,,"IGLS 21, 2, 0153; pl. 29, 104 - pl. 31, 110.",31.7173385,35.7945195
F014780,Arabia,Jordan,Medaba,Madaba,Madaba,1989,,,"IGLS 21, 2, 0153; pl. 29, 104 - pl. 31, 110.",31.7173385,35.7945195
F014781,Arabia,Jordan,Medaba,Madaba,Madaba,1989,,,"IGLS 21, 2, 0153; pl. 29, 104 - pl. 31, 110.",31.7173385,35.7945195
F002340,Arabia,Jordan,Nebo,"Nebo, Berg, Mekhayyat, S. Georg, Kirche","Nebo, Berg, Mekhayyat",1989,,,"IGLS 21, 2, 0101.",31.76795918,35.72567729
F002341,Arabia,Jordan,Nebo,"Nebo, Berg, Mekhayyat, S. Georg, Kirche","Nebo, Berg, Mekhayyat",1989,,,"IGLS 21, 2, 0102.",31.76795918,35.72567729
F002342,Arabia,Jordan,Nebo,"Nebo, Berg, Mekhayyat, S. Georg, Kirche","Nebo, Berg, Mekhayyat",1989,,,"IGLS 21, 2, 0104.",31.76795918,35.72567729
F002346,Arabia,Jordan,Nebo,"Nebo, Berg, Mekhayyat, S. Georg, Kirche","Nebo, Berg, Mekhayyat",1989,,,"IGLS 21, 2, 0100.",31.76795918,35.72567729
F002348,Arabia,Jordan,Nebo,"Nebo, Berg, Mekhayyat, S. Georg, Kirche","Nebo, Berg, Mekhayyat",1989,,,"IGLS 21, 2, 0103.",31.76795918,35.72567729
F032185,Arabia,Jordan,Nebo,"Nebo, Berg, Mekhayyat, S. Georg, Kirche","Nebo, Berg, Mekhayyat",1989,,,"IGLS 21, 2, 0102.",31.76795918,35.72567729
F032186,Arabia,Jordan,Nebo,Mekhayyat,"Mekhayyat, Georgskirche",1989,,,"IGLS 21, 2, 0101; IGLS 21, 2, 0104.",31.76795918,35.72567729
F002337,Arabia,Jordan,"Nebo, bei","Nebo, Berg, Siyagha, Basilika","Nebo, Berg, Siyagha",1989,,,"IGLS 21, 2, 0071; pl. 18, 61.",31.76795918,35.72567729
F002338,Arabia,Jordan,"Nebo, bei","Nebo, Berg, Siyagha, Basilika","Nebo, Berg, Siyagha",1989,,,"IGLS 21, 2, 0073; pl. 18, 62.",31.76795918,35.72567729
F002339,Arabia,Jordan,"Nebo, bei","Nebo, Berg, Siyagha, Basilika","Nebo, Berg, Siyagha",1989,,,"IGLS 21, 2, 0081; pl. 19, 66.",31.76795918,35.72567729
F002347,Arabia,Jordan,"Nebo, bei","Nebo, Berg, Siyagha, Basilika","Nebo, Berg, Siyagha",1989,,,"IGLS 21, 2, 0075; pl. 18, 63.",31.76795918,35.72567729
F002349,Arabia,Jordan,"Nebo, bei","Nebo, Berg, Siyagha, Basilika","Nebo, Berg, Siyagha",1989,,,"IGLS 21, 2, 0083; pl. 19, 68.",31.76795918,35.72567729
F008852,Arabia,Jordan,"Nebo, bei","Nebo, Berg, Siyagha, Basilika","Nebo, Berg, Siyagha",1989,,,"IGLS 21, 2, 0083; pl. 19, 68.",31.76795918,35.72567729
F009935,Arabia,Jordan,"Nebo, bei","Nebo, Berg, Siyagha, Basilika","Nébo, Berg, Siyagha",1989,,,"IGLS 21, 2, 0084.",31.76795918,35.72567729
F014782,Arabia,Jordan,"Nebo, bei","Nebo, Berg, Siyagha, Basilika","Nebo, Berg, Siyagha",1989,,,"IGLS 21, 2, 0075; pl. 18, 63.",31.76795918,35.72567729
F032193,Arabia,Jordan,"Nebo, bei","Nebo, Berg, Siyagha, Basilika","Nebo, Berg, Siyagha",1989,,,"IGLS 21, 2, 0075; pl. 18, 63.",31.76795918,35.72567729
F009484,Arabia,Jordan,Petra,Petra,"Petra, Heiligtum des Dousares",1989,,"1968, 0518; 1975, 0853.",,30.328611,35.441944
F014790,Arabia,Jordan,Petra,Petra,"Petra, Heiligtum des Dousares",1989,,"1968, 0518; 1975, 0853.",,30.328611,35.441944
F032189,Arabia,Jordan,Petra,Petra,"Petra, Heiligtum des Dousares",1989,,"1968, 0518; 1975, 0853.",,30.328611,35.441944
F002548,Arabia,Jordan,Petra,Petra,"Petra, Heiligtum des Dousares",1989,,"1968, 0520; 1975, 0853.",,30.328611,35.441944
F014791,Arabia,Jordan,Petra,Petra,"Petra, Heiligtum des Dousares",1989,,"1968, 0520; 1975, 0853.",,30.328611,35.441944
F032190,Arabia,Jordan,Petra,Petra,"Petra, Heiligtum des Dousares",,,"1968, 0520; 1975, 0853.",,30.328611,35.441944
F002549,Arabia,Jordan,Petra,Petra,"Petra, Heiligtum des Dousares",1989,,"1968, 0521; 1975, 0853.",,30.328611,35.441944
F002550,Arabia,Jordan,Petra,Petra,"Petra, Heiligtum des Dousares",1989,,"1968, 0522 b.",,30.328611,35.441944
F002551,Arabia,Jordan,Petra,Petra,"Petra, Heiligtum des Dousares",1989,,"1968, 0522c; 1975, 0853.",,30.328611,35.441944
F014792,Arabia,Syrian Arab Republic,Petra,Petra,"Petra, Heiligtum des Dousares",1989,,"1968, 0522c; 1975, 0853.",,30.328611,35.441944
F032191,Arabia,Jordan,Petra,Petra,"Petra, Heiligtum des Dousares",1989,,"1968, 0522c; 1975, 0853.",,30.328611,35.441944
F002552,Arabia,Jordan,Petra,Petra,"Petra, Heiligtum des Dousares",1989,,"1968, 0523b.",,30.328611,35.441944
F002553,Arabia,Jordan,Petra,Petra,"Petra, Heiligtum des Dousares",1989,,"1968, 0523c.",,30.328611,35.441944
F002554,Arabia,Jordan,Petra,Petra,"Petra, Heiligtum des Dousares",1989,,"1968, 0527.",,30.328611,35.441944
F002555,Arabia,Jordan,Petra,Petra,"Petra, Heiligtum des Dousares",1989,,"1968, 0528.",,30.328611,35.441944
F009945,Arabia,Jordan,Petra,Petra,"Petra, Museum",1989,,,"IGLS 21, 4, 0020; pl. 17, 20.",30.328611,35.441944
F009946,Arabia,Jordan,Petra,Petra,Petra,1989,,,"IGLS 21, 4, 0054; pl. 29, 54.",30.328611,35.441944
F041619,Arabia,Jordan,Petra,Petra,Petra,1989,,,,30.328611,35.441944
F009942,Arabia,Jordan,Petra?,Petra?,Petra,1989,,,"IGLS 21, 4, 0079; pl. 35, 79.",30.328611,35.441944
F009944,Arabia,Jordan,Petra?,Petra?,Petra,1989,,,,30.328611,35.441944
F032187,Arabia,Jordan?,Petra?,,Petra?,1990,,,,30.328611,35.441944
F032188,Arabia,Jordan?,Petra?,,Petra?,1990,,,,30.328611,35.441944
F002351,Arabia,Jordan,Philadelphia,Amman,Amman,1989,,,"IGLS 21, 2, 0016; pl. 8, 18 u. 8, 19. 9, 21 u. 9, 22.",31.95495106,35.93462394
F002353,Arabia,Jordan,Philadelphia,Amman,"Amman, Theater",1989,,,"IGLS 21, 2, 0036; pl. 12, 32.",31.95495106,35.93462394
F002356,Arabia,Jordan,Philadelphia,Amman,"Amman, Theater",1989,,,"IGLS 21, 2, 0023; pl. 10, 24 u. 10, 25.",31.95495106,35.93462394
F009845,Arabia,Jordan,Philadelphia,Amman,"Amman, Museum",1989,,,"SEG 43, 1069.",31.95495106,35.93462394
F014793,Arabia,Jordan,Philadelphia,Amman,Amman,1989,,,"IGLS 21, 2, 0016; pl. 8, 18 u. 8, 19. 9, 21 u. 9, 22.",31.95495106,35.93462394
F014794,Arabia,Jordan,Philadelphia,Amman,Amman,1989,,,"IGLS 21, 2, 0016; pl. 8, 18 u. 8, 19. 9, 21 u. 9, 22.",31.95495106,35.93462394
F014795,Arabia,Jordan,Philadelphia,Amman,Amman,1989,,,"IGLS 21, 2, 0016; pl. 8, 18 u. 8, 19. 9, 21 u. 9, 22.",31.95495106,35.93462394
F014796,Arabia,Jordan,Philadelphia,Amman,Amman,1989,,,"IGLS 21, 2, 0016; pl. 8, 18 u. 8, 19. 9, 21 u. 9, 22.",31.95495106,35.93462394
F014797,Arabia,Jordan,Philadelphia,Amman,"Amman, Theater",1989,,,"IGLS 21, 2, 0023; pl. 10, 24 u. 10, 25.",31.95495106,35.93462394
F031608,Arabia,Jordan,Philadelphia,Amman,Amman,,,,"IGLS 21, 2, 0016; pl. 8, 18 u. 8, 19. 9, 21 u. 9, 22.",31.95495106,35.93462394
F031609,Arabia,Jordan,Philadelphia,Amman,Amman,,,,"IGLS 21, 2, 0016; frag. A; pl. 8, 18.",31.95495106,35.93462394
F031610,Arabia,Jordan,Philadelphia,Amman,Amman,,,,"IGLS 21, 2, 0016; frag. A; pl. 8, 18.",31.95495106,35.93462394
F031611,Arabia,Jordan,Philadelphia,Amman,Amman,,,,"IGLS 21, 2, 0016; frag. C.",31.95495106,35.93462394
F031612,Arabia,Jordan,Philadelphia,Amman,Amman,,,,"IGLS 21, 2, 0016; frag. B.",31.95495106,35.93462394
F031613,Arabia,Jordan,Philadelphia,Amman,"Amman, Theater",1989,,,"IGLS 21, 2, 0023B; pl. 10, 25.",31.95495106,35.93462394
F031614,Arabia,Jordan,Philadelphia,Amman,"Amman, Theater",1989,,,"IGLS 21, 2, 0023A; pl. 10, 24.",31.95495106,35.93462394
F031615,Arabia,Jordan,Philadelphia,Amman,"Amman, Theater",,,,"IGLS 21, 2, 0023B; pl. 10, 25.",31.95495106,35.93462394
F031616,Arabia,Jordan,Philadelphia,Amman,"Amman, Theater",,,,"IGLS 21, 2, 0023A; pl. 10, 24.",31.95495106,35.93462394
F031617,Arabia,Jordan,Philadelphia,Amman,"Amman, Museum",,,,"SEG 43, 1069.",31.95495106,35.93462394
F002191,Arabia,Syrian Arab Republic,Philippopolis,Šahbā,Šahbā,1989,,,,32.853765,36.627525
F002479,Arabia,Syrian Arab Republic,Philippopolis,Šahbā,,1989,,,"W.K. Prentice, Publications of an American archaeological expedition to Syria in 1899-1900, 3 (New York 1908) 310, Nr. 397.",32.853765,36.627525
F002480,Arabia,Syrian Arab Republic,Philippopolis,Šahbā,,1989,,,"W.K. Prentice, Publications of an American archaeological expedition to Syria in 1899-1900, 3 (New York 1908) 310, Nr. 396.",32.853765,36.627525
F002481,Arabia,Syrian Arab Republic,Philippopolis,Šahbā,,1989,,,"CIG 4587; W.K. Prentice, Publication of an American archaeological expedition to Syria in 1899-1900, 3 (New York 1908) 310-311, Nr. 398.",32.853765,36.627525
F002482,Arabia,Syrian Arab Republic,Philippopolis,Šahbā,,1989,,,"CIG 4601; W.K. Prentice, Publication of an American archaeological expedition to Syria in 1899-1900, 3 (New York 1908) 307-308, Nr. 392.",32.853765,36.627525
F010167,Arabia,Syrian Arab Republic,Philippopolis,Šahbā,Šahbā,1989,,,,32.853765,36.627525
F023710,Arabia,Syrian Arab Republic,Philippopolis,Šahbā,,1989,,,"CIG 4601; W.K. Prentice, Publication of an American archaeological expedition to Syria in 1899-1900, 3 (New York 1908) 307-308, Nr. 392.",32.853765,36.627525
F036128,Arabia,Jordan,,Qasr al-Azraq,"Quasr al-Azraq, Festung, Innenhof",2012,,"1903, 0357; 2001, 1973.","SEG 32, 1553; IGR 3, 1339; R. Merkelbach - J. Stauber, Steinepigramme aus dem griechischen Osten 4. Die Südküste Kleinasiens, Syrien und Palästina (München - Leipzig 2002) 433-434; Nr. 225101; M. Christol - M. Lenoir, Syria 78, 2001, 164. 174; Foto 64.",,
F002350,Arabia,Jordan,,Kfeir Abu Sarbut,"Madaba, Madaba Arch. Mus.",1989,,,"IGLS 21, 2, 0113; pl. 22, 82.",,
F002357,Arabia,Jordan,,Kfeir Abu Sarbut,Madaba,1989,,,"IGLS 21, 2, 0114; pl. 23, 83.",,
F005863,Arabia,Syrian Arab Republic,,Il Haiyât,Il Haiyât?,1989,,,"W.K. Prentice, Publications of an American archaeological expedition to Syria in 1899-1900, 3 (New York 1908) 287-288, Nr. 362, Fragment A.",,
F005864,Arabia,Syrian Arab Republic,,Qal'at Sim'an,Djebel Simân,1989,,,Syria-Princeton III B 1154; Foto.,,
F008225,Arabia,Syrian Arab Republic,,,"Damaskus, Nat. Mus.",1989,,,,,
F008226,Arabia,Syrian Arab Republic,,,"Damaskus, Nat. Mus.",1989,,,,,
F008230,Arabia,Syrian Arab Republic,,,"Damaskus, Nat. Mus.",1989,,,,,
F008233,Arabia,Syrian Arab Republic,,,"Damaskus, Nat. Mus.",1989,,,,,
F008235,Arabia,Syrian Arab Republic,,,"Damaskus, Nat. Mus.",1989,,,,,
F008238,Arabia,Syrian Arab Republic,,,"Damaskus, Nat. Mus.",1989,,,,,
F008239,Arabia,Syrian Arab Republic,,,"Damaskus, Nat. Mus.",1989,,,,,
F008240,Arabia,Syrian Arab Republic,,,"Damaskus, Nat. Mus.",1989,,,,,
F008241,Arabia,Syrian Arab Republic,,,"Damaskus, Nat. Mus.",1989,,,,,
F008242,Arabia,Syrian Arab Republic,,,"Damaskus, Nat. Mus.",1989,,,,,
F008243,Arabia,Syrian Arab Republic,,,"Damaskus, Nat. Mus.",1989,,,,,
F008244,Arabia,Syrian Arab Republic,,,"Damaskus, Nat. Mus.",1989,,,,,
F008246,Arabia,Syrian Arab Republic,,,"Damaskus, Nat. Mus.",1989,,,,,
F008247,Arabia,Syrian Arab Republic,,,"Damaskus, Nat. Mus.",1989,,,,,
F008248,Arabia,Syrian Arab Republic,,,"Damaskus, Nat. Mus.",1989,,,,,
F008249,Arabia,Syrian Arab Republic,,,"Damaskus, Nat. Mus.",1989,,,,,
F008250,Arabia,Syrian Arab Republic,,,"Damaskus, Nat. Mus.",1989,,,,,
F008251,Arabia,Syrian Arab Republic,,,"Damaskus, Nat. Mus.",1989,,,,,
F008253,Arabia,Syrian Arab Republic,,,"Damaskus, Nat. Mus.",1989,,,,,
F008254,Arabia,Syrian Arab Republic,,,"Damaskus, Nat. Mus.",1989,,,,,
F008255,Arabia,Syrian Arab Republic,,,"Damaskus, Nat. Mus.",1989,,,,,
F008256,Arabia,Syrian Arab Republic,,,"Damaskus, Nat. Mus.",1989,,,,,
F008257,Arabia,Syrian Arab Republic,,,"Damaskus, Nat. Mus.",1989,,,,,
F008258,Arabia,Syrian Arab Republic,,,"Damaskus, Nat. Mus.",1989,,,,,
F008259,Arabia,Syrian Arab Republic,,,"Damaskus, Nat. Mus.",1989,,,,,
F008260,Arabia,Syrian Arab Republic,,,"Damaskus, Nat. Mus.",1989,,,"K. Parlasca, Syrische Grabreliefs hellenistischer und römischer Zeit. Fundgruppen und Probleme (Mainz 1982) Taf. 21, 1.",,
F008261,Arabia,Syrian Arab Republic,,,"Damaskus, Nat. Mus.",1989,,,"K. Parlasca, Syrische Grabreliefs hellenistischer und römischer Zeit. Fundgruppen und Probleme (Mainz 1982) Taf. 21, 3.",,
F008262,Arabia,Syrian Arab Republic,,Hauran,"Damaskus, Nat. Mus.",1989,,"1926, 0149.","SEG 07, 1239.",,
F008263,Arabia,Syrian Arab Republic,,,"Damaskus, Nat. Mus.",1989,,,,,
F008264,Arabia,Syrian Arab Republic,,,"Damaskus, Nat. Mus.",1989,,,"K. Parlasca, Syrische Grabreliefs hellenistischer und römischer Zeit. Fundgruppen und Probleme (Mainz 1982) Taf. 21, 2.",,
F008265,Arabia,Syrian Arab Republic,,,"Damaskus, Nat. Mus.",1989,,,,,
F008266,Arabia,Syrian Arab Republic,,,"Damaskus, Nat. Mus.",1989,,,,,
F008267,Arabia,Syrian Arab Republic,,,"Damaskus, Nat. Mus.",1989,,,,,
F008268,Arabia,Syrian Arab Republic,,,"Damaskus, Nat. Mus.",1989,,,,,
F008269,Arabia,Syrian Arab Republic,,,"Damaskus, Nat. Mus.",1989,,,,,
F008270,Arabia,Syrian Arab Republic,,,"Damaskus, Nat. Mus.",1989,,,,,
F008271,Arabia,Syrian Arab Republic,,,"Damaskus, Nat. Mus.",1989,,,,,
F008272,Arabia,Syrian Arab Republic,,,"Damaskus, Nat. Mus.",1989,,,,,
F008273,Arabia,Syrian Arab Republic,,,"Damaskus, Nat. Mus.",1989,,,,,
F008274,Arabia,Syrian Arab Republic,,,"Damaskus, Nat. Mus.",1989,,,,,
F008276,Arabia,Syrian Arab Republic,,,"Damaskus, Nat. Mus.",1989,,,,,
F008277,Arabia,Syrian Arab Republic,,,"Damaskus, Nat. Mus.",1989,,,,,
F008280,Arabia,Syrian Arab Republic,,,"Damaskus, Nat. Mus.",1989,,,,,
F008281,Arabia,Syrian Arab Republic,,,"Damaskus, Nat. Mus.",1989,,,,,
F008282,Arabia,Syrian Arab Republic,,,"Damaskus, Nat. Mus.",1989,,,,,
F008283,Arabia,Syrian Arab Republic,,Tafas,"Damaskus, Nat. Mus.",1989,,"1926, 0148.","SEG 07, 0256.",,
F008284,Arabia,Syrian Arab Republic,,,"Damaskus, Nat. Mus.",1989,,,,,
F009839,Arabia,Syrian Arab Republic,,,Buṣrā,1989,,,,,
F009844,Arabia,Jordan,,,"Amman, Museum",1989,,,,,
F009846,Arabia,Jordan,,,"Amman, Museum",1989,,,,,
F009849,Arabia,Syrian Arab Republic,,,Kanawât? / Bosra?,1989,,,,,
F009850,Arabia,Syrian Arab Republic,,,Kanawât? / Bosra?,1989,,,,,
F009851,Arabia,Syrian Arab Republic,,,Kanawât? / Bosra?,1989,,,,,
F009853,Arabia,Syrian Arab Republic,,,Kanawât?,1989,,,,,
F010158,Arabia,Syrian Arab Republic,,,Kanawât? / Bosra?,1989,,,"IGLS 13, 1, 9111.",,
F010170,Arabia,Syrian Arab Republic,,,Kanawât,1989,,,,,
F014987,Arabia,Syrian Arab Republic,,,"Damaskus, Nat. Mus.",1989,,,,,
F026912,Arabia,Syrian Arab Republic,,,Kanawât? / Bosra?,1989,,,,,
F026913,Arabia,Syrian Arab Republic,,,Kanawât? / Bosra?,1989,,,,,
F026925,Arabia,Syrian Arab Republic,,,"Damaskus, Nat. Mus.",1989,,,,,
F026926,Arabia,Syrian Arab Republic,,,"Damaskus, Nat. Mus.",1989,,,,,
F031604,Arabia,Jordan,,,"Amman, Museum",1989,,,,,
F031605,Arabia,Jordan,,,"Amman, Museum",,,,,,
F031606,Arabia,Jordan,,,"Amman, Museum",,,,,,
F031607,Arabia,Jordan,,,"Amman, Museum",,,,,,
F032184,Arabia,Jordan,,Kfeir Abu Sarbut,"Madaba, Madaba Arch. Mus.",1989,,,"IGLS 21, 2, 0113; pl. 22, 82.",,
F036838,Arabia,Syrian Arab Republic,,,"Damaskus, Nat. Mus.",1989,,,,,
F036839,Arabia,Syrian Arab Republic,,,"Damaskus, Nat. Mus.",,,,,,
F036841,Arabia,Syrian Arab Republic,,Qal'at Sim'an,Djebel Simân,,,,Syria-Princeton III B 1154.,,
F036844,Arabia,Syrian Arab Republic,,Tafas,"Damaskus, Nat. Mus.",,,"1926, 0148.","SEG 07, 0256.",,
F040645,Arabia,Syrian Arab Republic,,,Kanawât? / Bosra?,,,,,,